,0
0,"국내총생산(Gross Domestic Product, GDP)은 한 나라의 영역 내에서 가계, 기업, 정부 등 모든 경제주체가 일정기간 동안 생산한 재화 및 서비스의 부가가치1)를 시장가격으로 평가하여 합산한 것으로 여기에는 비거주자가 제공한 노동, 자본 등 생산요소에 의하여 창출된 것도 포함되어 있다."
1,"독자적인 사무실, 점포, 작업장이 없고 계약된 사업주에게 종속되어 있지만 스스로 고객을 찾거나 맞이하여 상품이나 서비스를 직접 제공하고 일한 만큼 실적에 따라 소득(수수료, 봉사료, 수당 등)을 얻으며, 근로제공 방법, 근로시간 등은 본인이 알아서 결정하는 형태로 일하는 사람을 말한다."
2,"
	국민들의 생활수준과 소득분배가 어떻게 이루어져 있는가를 파악하는 일은 매우 중요하다. GDP나 1인당 GNI는 보통 한나라의 국력이나 국민들의 생활 수준을 말할 때 일반적으로 사용된다.
	
	하지만 GDP나 1인당 GNI는 소득이 사회 각 계층에 얼마나 고루 분배되고 있는지 보여 주지 못하기 때문에 국민들의 삶의 수준을 더 잘 알기 위해서는 소득 분배에 관한 여러 지표가 필요하다.
"
3,대표적인 경제성장 지표가 국내총생산(GDP)라면 국민소득을 보다 정확하게 반영하기 위해 나온 경제지표가 국민총소득(Gross National Income : GNI)이다.
4,한 건물 내에 여러 가구가 살 수 있도록 건축된 4층 이하의 영구건물로서 건물의 연면적이 660m2 이하이면서 건축 당시 다세대주택으로 허가받은 주택을 말한다.
5,"정부기관이나 국가에 대하여 공법상 의무를 담당하는 법인단체로서 국가나 지방자치단체가 출자, 경영하는 공공을 위한 기관 등을 말한다."
6,한 여자가 가임기간(15~49세)에 낳을 것으로 기대되는 평균 출생아 수를 말한다.
7,"
	퍼센트와 퍼센트포인트는 방송이나 신문에서 통계를 인용하여 각종 수치의 변화를 이야기할 때 자주 등장한다.
	
	그러나 퍼센트와 퍼센트포인트는 간단한 개념인데도 불구하고 많은 사람들이 혼동하고 있으며 신문기사 등에서도 %포인트를 그냥 %로 잘못 사용하는 경우를 흔히 볼 수 있다.
"
8,"
	“통계청이 발표한 ‘2015년 1월 소비자물가동향’ 자료에 따르면 1월 소비자물가지수(CPI)는 109.37(2010=100)로 2014년 12월(108.82)에 비해 0.5% 상승했다.
	
	농산물 및 석유류 제외지수는 전월대비 0.9%, 전년동월대비 2.4% 각각 상승했다. 식료품 및 에너지 제외 지수는 전월대비 1.2%, 전년동월대비 2.3% 각각 상승했다.
	
	생활물가지수는 전월대비 0.2% 상승, 전년동월대비 0.3% 하락했다. 신선식품지수는 전월대비 5.3% 상승, 전년동월대비 2.1% 하락했다.”
"
9,GDP디플레이터는 명목 GDP를 실질 GDP로 나누어 사후적으로 계산하는 값이다.
10,특정 연도에 특정 연령의 사람이 앞으로 생존할 것으로 기대되는 평균 생존연수를 말한다.
11,"
	요즘은 드라마나 영화에 이혼 가정이 빈번하게 등장하고 있다. 그것을 바라보는 시청자의 눈도 이제는 낯설지 않다.
	
	그만큼 우리 사회에서 이혼이라는 것이 숨겨야 한다거나 부끄러운 일이 아니라 하나의 자연스러운 현상으로 받아들여지고 있는 것이다.
"
12,매출을 실현하기 위한 생산이나 구매과정에서 발생한 상품과 서비스의 소비액과 기타 경비를 말한다.
13,물질 또는 구성요소에 물리적 · 화학적 작용을 가하여 새로운 제품으로 전환하는 산업활동을 말한다.
14,세입자가 1년 또는 10개월 등 일정기간의 집세를 한꺼번에 내고 매월 1개월분의 집세를 공제하는 경우를 말한다.
15,근로자를 1인 이상 고용하고 있거나 근로자를 고용하지 않고 자기 혼자 또는 1인 이상 파트너와 함께 사업하는 사람을 말한다.
16,"향후 인구변동요인(출생, 사망, 이동)별 가정에 따라 추계한 장래인구 규모와 연령별 구조에 대한 추정치를 말한다."
17,주민등록상 세대주와는 관계없이 가계의 생계를 책임지고 있는 그 가구의 실질적인 대표자를 말한다.
18,"출생 후 1년 이내(365일 미만)에 사망한 영아 수를 해당 연도의 1년동안의 총출생아 수로 나눈 비율로서 보통 1,000분비로 나타낸다."
19,"사업체가 사업을 목적으로 임차한 건물, 토지, 기계장비 및 장치 등에 대하여 지난 1년간 지불한 비용을 말한다."
20,"토지에 부착하여 설치되는 건물 이외의 구조물, 토목설비 또는 공작물을 말한다."
21,근로자가 한 사업체에서 근무한 기간을 말한다.
22,인구의 성별 구조를 나타내는 지표로 여자 100명당 남자의 수를 나타낸다.
23,"소비자물가지수는 소비자의 구매력을 가늠하는 지수라면 생산자물가지수는 기업의 비용증가, 즉 생산원가와 관련이 있다."
24,"사망수준을 나타내는 가장 기본적인 지표로 연간 총사망자 수를 해당 연도의 연앙인구로 나눈 수치를 1,000분비로 나타낸 비율이다."
25,"가족 구성원 사이의 신체적, 정신적 또는 재산상 피해가 따르는 행위를 말한다."
26,"15세 이상 인구 중 ① 조사대상기간에 수입이 있는 일을 하지 않았고, ② 지난 4주간 적극적으로 구직활동을 하였으며, ③ 조사대상기간에 일이 주어지면 즉시 취업이 가능한 사람을 말한다."
27,"생산가능인구(15~64세)에 대한 유소년인구(0~14세)와 고령인구(65세 이상)의 합의 백분비로, 인구의 연령구조를 나타내는 지표이다."
28,"
실업률이란 경제활동인구 중에서 실업자가 차지하는 비율을 말한다.
	
	실업자는 개인적으로도 큰 고통이지만 국가 전체로도 경제적으로 큰 손실이므로 실업률은 국가정책적으로 매우 중요한 고용지표에 해당한다.
"
29,부부가 사이가 좋지 않아 따로 떨어져 사는 것을 말한다.
30,1년간 영업활동으로 인하여 지출된 비용을 말하며 ‘매출원가’와 ‘판매비와 관리비’를 합산한 금액을 말한다.
31,다수 제품에 공통으로 발생하는 노무비를 말한다.
32,"
15세이상인구는 경제활동인구와 비경제활동인구로 나뉜다.
	
	15세이상인구 중 수입이 있는 일에 종사하고 있거나 취업을 하기 위하여 구직활동 중에 있는 사람을 경제활동인구라고 하며, 그 외 사람은 비경제활동인구라고 한다.
"
33,전문지식을 갖고 연구개발 활동을 직접 수행하는 사람을 말한다.
34,총인구를 연령순으로 나열할 때 정중앙에 있는 사람의 해당 연령을 말한다.
35,매출액에서 매출원가를 차감한 금액을 말한다.
36,고용률이란 15세이상인구 중 취업자의 비율을 말한다.
37,통계작성을 목적으로 개인이 수입을 위해 하고 있는 일(경제활동)을 수행되는 일의 형태에 따라 체계적으로 유형화한것을 말한다.
38,유소년(14세 이하) 인구 100명에 대한 고령(65세 이상) 인구의 비이다.
39,"
	현대사회에 있어 혼인은 반드시 해야만 하는 개인의 필수사항으로 여겨지지는 않는 것 같다.
	
	특히 여성의 경제활동 참여율이 높아지고 독신에 대한 인식의 변화 등 여러 사회 환경의 변화로 인하여 혼인에 대한 생각이 많이 바뀌게 된 것 같다.
	
	하지만 혼인은 아직도 개인의 삶에 큰 변화를 가져오는 일생일대의 사건이며 그 중요성은 꼭 개인에게만 국한되어 있는 것은 아니다.
"
40,당기 중 제품 생산에 들어간 총비용으로서 기초재공품 재고액에 당기 총제조비용을 가산하고 기말재공품재고액과 타 계정 대체액을 차감하여 산출한다.
41,한 가구가 생활할 수 있도록 건축된 일반 단독주택과 여러 가구가 살 수 있도록 설계된 다가구 단독주택을 말한다.
42,일자리를 찾으려고 조사대상 기간에 적극적으로 활동하는 것을 말한다.
43,한국에서 가장 부자 도시는 어디일까? 한국에서 가장 빠르게 성장하고 있는 지역은 어디일까? 혹은 내가 살고 있는 시도의 경제력은 전체에서 어느 위치에 있을까?
44,"실제 가구 소비지출 중 18세 미만의 자녀(재학생, 대학생 포함)에게 지출하는 비용을 말한다."
45,정규 업무 개시 시각에서 종료 시각까지 근로시간과 동일한 시간동안 근무하는 근로자를 말한다.
46,노년부양비란 생산가능인구(15~64세) 100명에 대한 고령(65세 이상) 인구의 비를 말한다.
47,"
	우리는 찌개의 간을 볼 때 국자로 국물을 조금 떠서 먹어본다. 이때 국자로 떠올린 국물이 찌개의 간이 적당한지를 판단하기 위한 표본이 되는 것이다.
	
	그런데 찌개 속의 소금이 골고루 다 풀어지지 않아서 어떤 부분은 짜고 어떤 부분은 싱거울 수도 있다. 이때 공교롭게도 싱거운 부분만 떠서 먹어보았다면 제대로 간을 봤다고 할 수 없을 것이다.
"
48,경상적으로 지급되는 개발비를 말한다.
49,생산주체들이 수행하는 각종 상품과 서비스의 생산활동을 일정한 분류기준과 원칙을 적용하여 체계적으로 분류한 것이다.
50,"상법의 규정에 따라 설립된 영리법인으로서 주식회사, 합명회사, 합자회사, 유한회사를 말한다."
51,법정기준근로시간 이내에서 사업체의 취업규칙이나 단체협약으로 정한 소정근로일에 정규적인 업무 개시와 종료 시각 사이의 휴게시간을 제외한 시간의 총수를 말한다.
52,청년과 소년을 통칭하는 용어로 대상 연령은 법률마다 다르다.
53,상대적 빈곤율이란 소득이 중위소득1)의 50% 미만인 계층이 전체인구에서 차지하는 비율을 말한다.
54,"근로기간이 정해져 있지 않은 상시근로자와 달리 근로기간이 정해져 있는 계약직, 일용직 등으로 한시적 근로자, 시간제근로자, 비전형근로자가 있다."
55,일정지역 내의 인구를 해당 지역의 면적으로 나눈 수치로서 지역 내에 거주하는 인구의 과밀한 정도를 나타낸다(통상 km2당 인구수로 표시).
56,"단독주택의 일종으로, 소유권은 한 사람만이 가질 수 있으나 건물 내에 여러 가구가 살 수 있도록 건축된 건물의 연면적이 660m2 이하인 주택을 말한다."
57,무형자산을 그 자산의 추정내용연수 동안 체계적인 방법에 따라 배분된 비용을 말한다.
58,주택보급률은 특정국가 또는 특정지역에 있어서 주택이 그곳에 거주하고 있는 가구들의 수에 비하여 얼마나 부족한지 또는 여유가 있는지를 총괄적으로 보여주는 양적지표이다.
59,한 가구나 그 가구의 개별 구성원이 1년간 또는 정기적으로 벌어들이는 현금 또는 현물 등의 모든 수입을 의미합니다.
60,전체 소비자물가지수는 대표품목 가격의 가중평균 변동을 나타냅니다.
61,"가구원이 근로제공 등의 대가로 받는, 비교적 정기적이고 예측이 가능한, 경상적으로 발생하는 소득을 말한다."
62,한 가구에서 함께 사는 모든 구성원을 말한다.
63,혼인은 하였으나 배우자가 사망하고 현재 재혼하지 않고 혼자 사는 경우를 말한다.
64,"소유한 재산을 타인이 사용한 대가로 받은 순수입입니다. 여기에는 임대소득, 이자소득, 배당소득, 연금소득, 상표 사용료/인세/사용료 등이 포함됩니다."
65,지수란 구체적인 숫자 자체의 크기보다는 시간의 흐름에 따라 수량이나 가격 등 해당 수치가 어떻게 변화되었는지를 쉽게 파악할 수 있도록 만든 것으로 통상 비교의 기준이 되는 시점(기준시점)을 100으로 하여 산출한다.
66,"
경제활동참가율이란 15세이상인구 중에서 취업자와 실업자를 합한 경제활동인구의 비율을 의미한다.
	
	총인구나 15세이상인구의 규모가 같더라도 경제활동참가율이 다르면 노동시장에 공급되는 전체 노동력은 달라진다.
"
67,자연 상태의 농경지에서 작물을 재배하는 일체의 농업방법을 말한다.
68,"
	주어진 자료를 대표하는 특정 값을 그 자료의 대표값이라고 한다.
	
	대표값은 자료의 중심적인 경향이나 자료분포의 중심의 위치를 나타내주는데, 일반적으로 사용되는 것에는 평균(mean), 중위수(median), 최빈수(mode) 등이 있다.
"
69,지난 1년간 영업활동과 관련하여 납부한 각종 세금과 공과금을 말한다.
70,"생산된 제품이 판매 등의 목적으로 사업체에서 출고되는 것으로, 내수용과 수출용으로 나뉜다."
71,한 사람 이상의 유급 고용원을 두고 자기 책임 아래 독립적인 형태로 전문적인 일을 수행하거나 사업체를 운영하는 사람을 말한다.
72,자영업자의 가족이나 친인척(같은 가구 내로 한정하지 않음)으로서 임금을 받지 않고 해당 사업체 정규 근로시간의 3분의 1 이상을 종사하는 사람을 말한다.
73,생산물의 생산을 위하여 투입한 재화나 용역의 가치를 화폐액으로 평가한 것을 말한다.
74,자기 혼자 또는 1인 이상의 파트너(무급가족종사자 포함)와 함께 자기 책임 아래 독립적인 형태로 전문적인 일을 수행하거나 사업체를 운영하는 사람을 말한다.
75,"기업이 산업활동을 한 결과, 생산물의 원래의 가치 등에 새로 더해진 가치를 말한다."
76,"교육수준에 따른 초등(학령전 유아 교육기관 포함), 중등, 고등 교육수준의 정규교육기관, 성인교육, 기타 교육기관, 교육지원 서비스업이 포함된다."
77,"특정 인구집단의 출산수준을 나타내는 기본적인 지표로서 특정 1년간의 총출생아 수를 해당 연도의 연앙인구로 나눈 수치를 1,000분율로 나타낸 것이다."
78,혼자서 살림하는 가구를 말한다.
79,"
	소득 5분위 배율이란 5분위계층(최상위 20%)의 평균소득을 1분위계층(최하위 20%)의 평균소득으로 나눈 값을 말한다.
	
	소득 5분위 배율은 지니계수와 함께 국민소득의 분배상태를 나타내는 대표적인 지표이다.
	
	소득 5분위 배율은 지니계수와 같이 소득분배지표 중 하나로 지니계수는 모든 정보를 이용하는데 비해 5분위 배율은 5분위와 1분위의 소득만을 이용하여 간편하게 소득 불평등의 정도를 측정할 수 있는 장점이 있다.
"
80,통상임금(기본급+통상적 수당)과 그 밖에 임금으로 볼 수 있는 수당을 말한다.
81,사람이 자유롭게 왕래하며 작업을 할 수 있을 정도의 높이로 만든 시설에 작물을 재배하는 것을 말한다.
82,업체에서 해당 1년간 신제품 및 신기술을 개발하기 위해 연구활동에 들인 총비용을 말한다.
83,"우리는 ‘현재 경기가 좋다, 나쁘다, 향후 경제상황이 좋아진다, 더 악화된다’ 등등의 이야기를 뉴스나 신문 등을 통해 자주 접할 수 있다."
84,사람들의 일상생활에서 생기는 폐기물을 말한다.
85,"
	쌀이 주식인 한국의 경우 쌀 생산량을 파악하고 이에 관한 정책을 펼쳐나가는 일은 식량주권과 관계되므로 매우 중요한 의미가 있다.
	
	한국은 1995년 우루과이라운드 협상에서 쌀 시장 개방을 유예하는 대신 낮은 관세로 외국 쌀을 의무적으로 수입하는 것을 허용하고 물량을 매년 늘리기로 약속했다.
	
	2004년 쌀 협상에서는 관세화 개방을 다시 10년 연장하고 대신 의무적인 수입물량을 해마다 늘려주고 있다.
"
86,"의무기록자료, 사망원인 통계조사 등 질병이환과 사망자료를 그 성질의 유사성에 따라 체계적으로 분류한 것을 말한다."
87,"사업체를 주어진 조건(설비, 노동, 생산효율 등)에서 정상으로 가동하였을 때 생산할 수 있는 최대 생산실적을 말한다."
88,해당 사업체에서 제조 · 완료된 제품 또는 위탁생산한 제품을 말한다.
89,"
	우리는 학창시절 운동장에 모이면 일렬로 서서 번호를 외치며 인원을 세던 경험을 한번쯤은 가졌을 것이다. 어떠한 집단에서든지 그 안의 인원이 몇 명인지 파악하는 것은 반드시 필요하다.
	
	계획을 세우거나 일을 진행시킬 때 인원수를 정확히 파악해야만 보다 더 구체적이고 편리하게 일을 계획할 수 있기 때문이다.
	
	소규모의 학급 운영을 위해 총인원을 파악하는 것이 중요한 것처럼 한 국가의 정책수행을 위하여 그 총인구를 파악하는 것이 필요함은 말할 것도 없다.
"
90,가구주와 같은 세대에 속하는 친족들만 함께 사는 가구를 말한다.
91,"통근인구란 살고 있는 거처 이외의 직장(일터, 근무지)에 평소 정기적으로 다니는 사람을 말하며, 통학인구란 학교(학원)에 평소 정기적으로 다니는 사람을 말한다."
92,"개인, 가구, 사업체와 고용계약을 체결하여 일하고 그 대가로 급여, 봉급, 일당, 현물 등을 받는 근로자를 말한다."
93,비정기적인 소득 중 자산 변동을 수반하지 않는 소득으로 경조소득과 기타 비경상소득 등이 포함됩니다.
94,"
	한국 국민은 쌀을 주식으로 한다. 그런데 해마다 쌀 소비량이 줄어든다는 소식이 들리곤 한다.
	
	요즘 밥 대신 빵이나 피자, 스파게티 등 쌀 이외 먹거리에 너무 익숙해져서 일까, 아니면 다이어트 열풍 때문에? 우리가 일년에 먹는 쌀의 양은 과연 얼마나 될까 궁금하지 않을 수 없다.
"
95,공공의 이익을 목적으로 존재하는 부문을 의미한다.
96,"
	소매판매액지수는 소비동향을 파악하기 위해 작성되는 지표이다.
	
	이 지표는 백화점, 대형마트(대형할인점, 기타대형마트(아울렛, 면세점))는 물론 슈퍼마켓, 전문소매점 등에서 매월 판매금액을 조사하여 작성하는 통계이다.
"
97,사업장폐기물 중 폐유 · 폐산 등 주변 환경을 오염시킬 수 있거나 의료폐기물 등 인체에 위해를 줄 수 있는 해로운 물질로서 대통령령으로 정하는 폐기물을 말한다.
98,사람이 살고 있는 모든 장소를 통칭하는 말로서 구조적으로 분리되고 독립된 하나의 거주단위를 말한다.
99,매출액 등 영업수익에서 매출원가 및 판매비와 관리비 등의 영업비용을 차감한 금액을 말한다.
100,"조사대상 기간에 자신 또는 가족의 수입을 위해 일한 사람으로, 고용원이 있는 자영업자, 고용원이 없는 자영업자, 무급가족종사자 등을 말한다."
101,사업체가 생산에 필요한 유형자산을 구입하는 것을 말한다.
102,건설기성은 건설업체의 국내공사 현장별 시공 실적을 금액으로 조사하여 집계한 통계로서 조사대상 기간인 한 달 동안 시공한 공사 실적을 조사한 것이므로 해당 월에 실행된 건설투자를 의미한다.
103,"공공부문을 제외한 기업체, 개인 등을 말한다."
104,생산활동을 위하여 보유한 유형자산의 정상적인 기능을 유지하기 위하여 지출한 모든 비용을 말한다.
105,일정액의 보증금 없이 매월 집세(또는 월세)를 내는 경우를 말한다.
106,"특정 연도간의 인구변동요인(출생, 사망, 이동)을 모두 포함한 인구증가(감소)율을 말한다."
107,비법인기업의 주인이 해당 사업체를 운영하여 얻은 순수입입니다. 여기에서 순수입이란 총수입액 또는 총매출액에서 영업비용 등 생산에 사용한 생산비용을 제외한 금액을 의미합니다.
108,"수입이 발생하는 어떤 활동에도 참여하지 않고 정부, 비영리단체, 다른 가구에서 이전받은 현금과 재화, 서비스를 의미합니다."
109,"특정 1년간의 총출생아 수를 해당 연도의 15~49세(가임기간) 여자 연앙인구로 나눈 수치를 1,000분율로 나타낸 것이다."
110,"가구가 벌어들인 소득 중에서 조세, 연금 등 비소비지출을 제외한 처분가능소득 가운데 소비지출의 비중을 나타내는 지표로서, 소비지출을 처분가능소득으로 나누어 백분율로 계산한다."
111,"15세 이상 인구 중 조사대상기간(15일이 포함된 1주간)에 ① 수입을 목적으로 1시간 이상 일한 사람, ② 같은 가구 내 가구원이 운영하는 사업체나 농장의 수입을 위해 18시간 이상 무급으로 일한 사람(무급가족종사자), ③ 직업이나 사업체를 가지고 있는데도 일시적 병, 사고, 연 · 휴가, 교육 등의 사유로 일하지 못하였으나 이들 사유가 해소되면 다시 일할 수 있는 사람(일시휴직자)을 말한다."
112,"지역 주민의 도서와 정보이용, 문화활동, 평생교육 등을 목적으로 설립하여 운영하는 도서관을 말한다."
113,노무비 중에서 공사현장에 직접 투입된 인력의 급료를 말한다.
114,"임금근로자 중 개인, 가구, 사업체와 1년 이상의 고용계약을 맺은 사람 또는 일정한 기간의 고용계약을 하지 않았으나 정해진 채용절차에 따라 입사하여 인사관리규정을 적용받거나 상여금, 퇴직금 등 각종 수혜를 받는 사람을 말한다."
115,"조사대상의 누락이나 중복을 방지하기 위하여 통계조사의 대상이 되는 집단의 전체 단위나 지역을 행정 읍, 면, 동별로 일정한 기준이 되는 수 또는 면적에 근사하게 적당히 구획한 구역단위를 말한다."
116,가구주와 그 직계 또는 방계의 친족 2세대가 함께 사는 가구를 말한다.
117,비경제활동인구 중 취업 의사와 가능성이 있으나 노동시장적 사유로 지난 4주간 구직활동을 하지 않은 사람 가운데 1년 안에 구직경험이 있는 사람을 말한다.
118,거처 내에서 가구가 사용하고 있는 주거 시설의 형태를 말한다.
119,"특정연도의 15~49세 모(母)의 연령별 출생아수를 해당 연령의 여자 연앙인구로 나눈 수치를 1,000분율로 나타낸 것이다."
120,"1인 또는 2인 이상이 모여서 취사, 취침, 생계를 같이하는 단위인 가구 중 외국인 가구와 집단가구를 제외한 가구를 말한다."
121,"
	변동률이란 어떤 수치의 기준시점에 대한 비교시점에서의 증감률을 의미한다.
	
	변동률은 통계지표를 해석하는데 이용되는 중요한 도구로서 기준시점에 따라 전년동월(기)비, 전월(기)비, 전년대비 증감률 등으로 구분된다.
"
122,업체가 생산하는 전체 제품 중의 해외 수출금액을 말한다.
123,일정액의 보증금을 내고 매월 집세를 내는 경우를 말한다.
124,"지난 1년간 영업활동과 관련하여 상품의 분실, 판매대금의 결손 등으로 회수가 불가능한 채권을 비용으로 처리한 것이 이에 해당된다."
125,"
	한국의 출산율이 몇 년째 계속 세계 최저수준을 기록하는 이유는 현재 한국의 사회조건 등이 여성들이 아이를 낳아 기르기에 좋은 조건이 아니기 때문인 것으로 분석된다.
	
	이러한 현재 상황을 판단하고 그에 대한 대책을 수립하기 위해서는 현재의 인구 증가율을 가늠할 수 있는 지표인 합계출산율을 살펴보는 것이 중요하다.
"
126,일상생활에서 소비자들이 자주 많이 구입하는 생활필수품을 대상으로 작성된 소비자물가지수의 보조지표이다.
127,"통계작성을 주목적으로 조사를 실시하여 얻은 통계를 말하며, 제1의 통계라고도 한다."
128,"기업의 부채 중 외자도입, 은행차입금, 사채 등 외부에서 차입형식으로 조달한 자금의 비중으로 총자본과 대비한 것을 말한다."
129,"통계청은 매년 농(어)가경제조사를 실시하여 경제사회 환경의 변화에 따른 농(어)가경제의 동향과 농(어)업경영 실태를 파악하고 있으며, 이를 농(어)업정책 수립과 농(어)업경영개선을 위한 기초 자료로 제공하고 있다."
130,"상법, 민법과 특별법 등에 따라 법원에 법인설립 등기를 마친 기업을 말한다."
131,"우리는 각종 통계자료를 보다보면 경상과 불변, 명목과 실질이란 단어를 많이 접하게 된다. 명목임금, 실질임금, 명목국민소득, 실질국민소득, 기계수주액(불변), 건설수주(경상) 등 그 예는 많다."
132,"가구가 비경제적 활동으로 얻은 수입으로서 공적 보조금, 사적 보조금을 모두 합산한 금액이다."
133,경상소득과 비경상소득을 합한 총액을 말한다.
134,만 15세 이상 인구 중 취업자가 차지하는 비율을 말한다.
135,"
경지란 농작물 재배를 목적으로 하는 토지로서 현실적으로 농작물 재배가 가능한 토지를 말한다.
	
	경지는 법적 지목여하에 불문하고 실제 토지이용 현황이 농작물의 경작 또는 다년생(여러해살이) 작물재배지로 이용되는 토지와 그 부대시설을 포함한다.
"
136,"대한민국은 한국어, 일본은 일본어, 미국은 영어 등 세계 각국은 자기 나라만의 고유한 언어를 갖고 있다. 이렇게 고유한 언어를 사용하듯 각국은 대부분 그들만의 고유한 화폐를 사용한다."
137,"백화점, 대형마트, 슈퍼체인 등 규모가 대형인 유통업체를 말한다."
138,부모 중 어느 한쪽만이 있는 가족을 말한다.
139,임금근로자 중 고용계약기간이 1개월 이상 1년 미만인 사람 또는 일정한 고용계약을 하지 않았으나 1개월 이상 1년 미만의 기간 동안 사업완료의 필요에 의해 고용된 사람을 말한다.
140,"비거주용 건물에 사람이 살되, 그 거주 부분이 주택의 요건(방, 부엌, 독립된 출입구)을 갖추고 있는 경우를 말한다."
141,조사대상기간에 조사대상자의 주된 활동상태가 혼자 집이나 도서실에서 취업을 준비하는 경우를 말한다.
142,사업체(기업체)를 경영하는 주체의 법적 조직형태를 말한다.
143,상품의 판매활동과 사업체의 관리 · 유지에 지출된 비용을 말한다.
144,"조사기준일 현재 임금 · 봉급 또는 이에 준하는 형태의 보수를 받고 사업체에 고용되어 있는 피고용자, 자영업주, 무급가족종사자 등을 말한다."
145,만 15세 이상 인구 중 경제활동인구(취업자+실업자)가 차지하는 비율을 말한다.
146,"소비자물가지수의 계산식은 지수 작성의 신속성과 경제성을 고려하여 ‘기준시점 고정 가중산술평균법’, 즉 라스파이레스 산식(Laspeyres’ Fomula)을 이용합니다."
147,"특정 1년간 신고된 총혼인건수를 해당 연도의 연앙인구로 나눈 수치를 1,000분비로 나타낸 것이다."
148,"
	국회의원 선거철이 되면 다음과 같은 신문기사를 가끔 볼 수 있다.
	
	“~정치인 지지율 조사에서 A후보는 40%, B후보는 25%의 지지율을 얻었다. 이번 조사는 여론조사 전문기관인 00가 00구 성인남녀 천명을 대상으로 전화 면접조사로 실시되었고, 신뢰수준 95%에서 표본오차는 ±3.1%포인트이다.”
"
149,"특정 연령의 연간 사망자 수를 해당 연도의 연령별 연앙인구로 나눈 수치를 1,000분비(또는 100,000분비)로 나타낸 것으로 어떤 특정 연령층에서 얼마나 사망하는지를 표시한다."
150,"특정 1년간 신고된 총이혼건수를 해당 연도의 연앙인구로 나눈 수치를 1,000분비로 나타낸 것이다."
151,결산일 현재 생산과정 중에 있는 재공품의 잔액을 말한다.
152,건설업체가 해당 연도에 실제로 시공한 건설 실적을 금액으로 평가한 것을 말한다.
153,"“엄마는 시장에서 쌀, 채소를 구입하고, 아이들은 장난감을 사고, 아빠는 점심값을 지불합니다. 이러한 상품과 서비스(점심값)의 가격을 바탕으로 만들어지는 통계는 무엇일까요?”"
154,"조세, 연금, 사회보험료, 이자비용, 가구 간 이전, 비영리단체로 이전 등 소비지출과 자산구입이 아닌 금액을 말한다."
155,경제활동인구인 취업자는 대표적인 고용통계 지표 중 하나이다.
156,"
	호적이나 주민등록상의 신고와 관계없이 15세 이상의 사람에 대한 사실상의 혼인상태를 말한다.
	
	(1) 미혼: 혼인한 사실이 없는 사람
	
	(2) 유배우: 혼인하여 배우자가 있는 사람
	
	(3) 사별: 배우자 중 한쪽이 사망한 뒤 재혼하지 않고 혼자 살고 있는 사람
	
	(4) 이혼: 배우자와 헤어진 뒤 재혼하지 않고 혼자 살고 있는 사람
"
157,"일반가구에 한하여 가구주와 그 가족의 친족관계에 따라 1세대 가구, 2세대 가구, 3세대 가구, 4세대 이상 가구로 구분한 것을 말한다."
158,"계약 또는 자기계정에 따라 지반조성을 위한 발파 · 시굴 · 굴착 · 정지 등의 지반공사, 건설용지에 각종 건물과 구축물의 신축 · 설치, 증축 · 재축 · 개축 · 수리 · 보수 · 해체 등을 수행하는 산업활동을 말한다."
159,"공교육과 사교육에 드는 입학금, 수업료, 교재비, 학원비, 문방구비 등을 말한다."
160,"사업시설의 청소, 방제 등을 포함한 사업시설 유지 · 관리활동과 고용지원 서비스, 보안 서비스, 여행보조 서비스, 사무지원 서비스 등과 같은 사업운영과 관련한 밀접한 지원 서비스를 제공하는 산업활동을 말한다."
161,한 건물 안에 여러 가구가 살 수 있도록 지은 4층 이하의 영구건물로서 건축 당시 ‘연립주택’으로 허가받은 주택을 말한다.
162,"과거의 거래나 사건의 결과로 다른 실체에게 미래에 자산이나 용역을 제공해야 하는 특정실체의 의무를 말하며, 유동부채, 고정부채로 분류한다."
163,일반적으로 이직자 수를 전기 말 근로자 수로 나누어 계산한다.
164,혼인한 사실이 없는 사람을 말한다.
165,"
	사망은 출생과 더불어 인구성장의 본질적인 요인 중의 하나다. 출생이 인구 증가를 가져오게 하는 요인이라면 사망은 인구감소를 가져오게 하는 요인이다.
	
	또한 출생은 특정연령층의 인구증가를 가져오는 반면 사망은 모든 연령층을 그 대상으로 함으로써 인구구조의 전체변화에 직접적인 영향을 미치고 있다.
"
166,주거용 부분과 영업용 부분이 함께 있는 건물 중 주거용 부분이 영업용 부분과 같거나 더 많은 주택을 말한다.
167,"연령별 사망률은 1년간 발생한 특정 연령의 사망자수를 해당 연도의 특정 연령별 주민등록 연앙인구로 나눈 수치를 1,000 분비로 나타낸 것이다."
168,구입한 신상품이나 중고품을 변형 없이 일반 소비자에게 재판매하는 산업활동을 말한다.
169,"유배우 이혼율은 혼인 상태에 있는 유배우 인구 1,000명당 이혼 건수를 의미한다. 유배우 이혼율은 이혼이 가능한 유배우 인구를 분모로 한정하여 설명력이 높은 지표이다."
170,"
	단기적인 경제동향을 나타내는 통계지표로는 국내총생산(GDP), 광공업생산지수, 경기종합지수 등 여러 지표가 있다.
	
	그러나, 이러한 지표들만으로는 한국 전체 산업의 생산활동 동향을 월간 단위로 한 눈에 알기에 다소 어려움이 있다.
"
171,취업자가 실제로 일하고 있는 신분 내지 지위상태를 말한다.
172,"판매(출하), 재고 증감, 상품과 서비스의 전매(재판매) 등을 기초로 하여 계산된 것으로 사업체가 실제 생산한 금액으로 측정한다."
173,"
소비자물가지수는 정부가 경기를 판단하는 기초자료로 사용하거나, 화폐구매력을 감안하여 국민연금에서 연금 지급액을 조정할 때 등 다양하게 이용되고 있습니다.
	
	이렇게 소비자물가지수는 정부, 기업, 국민 생활 전반에 영향을 미치고 있습니다.
"
174,한국경제는 대외의존도가 높아 수출품목과 수입품목의 가격변동이 국내 물가에 큰 영향을 미친다.
175,경제활동의 결과로 얻은 대가를 수입원으로 하여 상품과 서비스를 최종적으로 소비하는 경제주체를 말한다.
176,"일시적으로 일상 생활권에서 벗어나 레저, 위락, 친목, 답사, 관람, 레포츠 참가 등의 행위를 하는 것을 말한다."
177,고용계약에 업무 종료 날짜가 없는 경우를 말한다.
178,"재화와 서비스를 생산하는 법적 · 제도적 최소 경영단위로 자원배분에 관한 의사결정의 자율성이 있고 수입 · 지출과 자금관리에 관한 재무제표(대차대조표, 손익계산서, 기타 기록)를 독립적으로 유지, 관리하는 단위이다."
179,"
	산포도란 대표값을 중심으로 자료들이 흩어져 있는 정도를 의미한다.
	
	이는 하나의 수치로서 표현되며 수치가 작을수록 자료들이 대표값에 밀집되어 있고, 클수록 자료들이 대표값을 중심으로 멀리 흩어져 있다.
"
180,전체 인구의 연령을 산술평균한 값이다.
181,"처분가능소득이란 소득에서 세금이나 사회보장부담금, 비영리단체로 이전, 타가구로의 이전 등의 비소비지출을 공제하고 남는 소득, 즉 가구에서 이전되는 부분을 제외하고 자유롭게 소비지출할 수 있는 소득을 말한다."
182,사업체의 상시근로자 수 대비 장애인근로자 수의 비율을 말한다.
183,용역업체가 고용하고 다른 사업주의 사업체에서 근로하는 사람을 말한다.
184,"구성요소(하위분류)의 변동(전월비, 전년동월비 등)이 전체(상위분류)의 변동에 영향을 주는 정도를 말한다."
185,정기적 · 비정기적으로 근로자에게 지급하는 급여를 말한다.
186,일반적으로 건설업체가 발주자와 체결한 공사계약액을 말한다.
187,통상 한 가구가 살림할 수 있도록 건축된 주택을 말한다.
188,"조사기준일 현재 산림면적을 3ha 이상 보유하면서 지난 5년간 육림작업 실적이 있거나 지난 1년간 벌목업, 양묘업을 경영하였거나, 직접 생산한 임산물 판매대금이 120만 원 이상인 가구를 말한다."
189,기능이 필요하지 않은 일반 잡역에 종사하면서 단순 육체노동을 하는 사람을 말한다.
190,"지하와 지표에서 고체, 액체, 기체 상태의 천연광물을 채굴, 채취, 추출하는 산업활동을 말한다."
191,"조사기준 시점 현재 농가로 정의된 개인농가에서 취사, 취침 등 생계를 같이하는 사람을 말한다."
192,"토지와 1년 이상의 내구성을 가진 건물 · 구축물, 기계장치, 선박 · 차량운반구, 공구 · 기구 · 비품, 건설 중인 자산 등 형체가 있는 자산을 말한다."
193,"경영에서 수지, 손익을 따져 이익이 나는 정도를 말한다."
194,"
	최근 주요 선진국에서는 서비스업의 국민 경제적 비중이 날로 증가하고 있다.
	
	전산업 고용시장의 2/3 가량을 서비스업이 차지할 정도로 그 중요성이 나날이 커지고 있어 서비스업은 미래의 성장 동력이자 지속적인 고용 창출 효과에 대한 기대를 한 몸에 받고 있다. 이는 한국도 예외가 아니다.
"
195,가구에서 일상생활을 영위하려고 구입하는 상품과 서비스의 가격변동을 측정하기 위하여 작성하는 지수이다.
196,인간이 생활하는 데 필요한 비용을 말한다.
197,"법인격이 없는 단체로 법인이 아닌 동창회, 후원회, 문화단체, 노동단체, 종친회, 법인이 아닌 교회 · 암자 등이다."
198,"향후 경기변동에 대한 단기 예측을 할 때는 선행종합지수가 이용되는데, 특히 경기국면과 전환점의 단기 예측에는 선행종합지수 그 자체보다는 선행지수 순환변동치가 주로 이용된다."
199,사업체가 영업활동을 위하여 직접 사용하고 있는 사업용 건물의 전체 면적을 말한다.
200,배우자와 헤어지고 현재 재혼하지 않고 혼자 사는 사람을 말한다.
201,100인 이상의 입원시설과 일정 수준 이상의 진료과목을 설치하고 의사가 입원환자를 위주로 진료행위를 하는 의료기관을 말한다.
202,"
	통계조사에서 오차는 참값과 추정값의 차이를 말한다. 오차에는 표본오차와 비표본오차가 있다.
	
	표본오차는 모집단의 일부인 표본에서 얻은 자료를 통해 모집단 전체의 특성을 추론함으로써 생기는 오차를 말하며 비표본오차는 표본오차를 제외한 조사의 전체과정에서 발생할 수 있는 모든 오차를 말한다.
"
203,아르바이트로 일하거나 같은 업무에 종사하는 사람들보다 적은 시간을 일하거나 임금이 시간단위로 지급되는 경우를 말한다.
204,"
	온라인쇼핑 거래액은 PC 및 모바일, 인터넷 등을 이용한 온라인쇼핑몰에서의 전자상거래(B2C)액을 말한다.
	
	컴퓨터 등과 정보통신설비를 이용하여 재화 또는 용역을 거래할 수 있도록 설정된 가상의 영업장을 온라인쇼핑몰이라고 하며, 온라인쇼핑몰의 거래대상은 주로 개인(소비자)이다.
"
205,"재배하기 전부터, 판매할 목적으로 농약 사용량을 이전의 절반 이하로 줄여서 농사짓겠다는 계획을 가지고 지은 경우를 말한다."
206,주택의 요건을 갖추진 못한 거처를 말한다.
207,"비(ratio), 비율(proportion), 율(rate)은 일반적으로 구별하여 사용하지 않고 있다. 하지만 엄밀히 개념적으로 구별되므로 이에 관한 정확한 의미를 알아둘 필요가 있다. 특히 인구통계에서 이 세 개념이 사용된 때는 주의가 요구된다."
208,"1인 또는 2인 이상이 모여서 취사, 취침 등 생계를 같이하는 생활단위를 말한다."
209,조사기준시점 현재 호적이나 주민등록과는 관계없이 실제로 태어난 사실상의 만 나이를 말한다.
210,"
가계지출은 실질적으로 가계의 자산이 감소되는 지출로서, 소비지출과 비소비지출로 구성된다.
	
	가구소비통계는 국민소비수준 변화의 측정 및 분석과 소비자물가지수에 필요한 가중치 자료로 이용된다.
	
	또한 국민소득의 가계부문 소득과 최종소비지출 추계자료나 공공사업시행으로 인한 세입자의 주거대책비 산정자료 등으로도 이용된다.
"
211,법인이나 단체가 아닌 개인이 혼자 소유 · 경영하거나 법인격을 갖추지 않고 2인 이상이 공동으로 운영하는 사업체를 말한다.
212,"1년 이상 생산활동에 쓰이며 수익의 원천이 되는 자산으로, 유형자산과 무형자산으로 분류한다."
213,정의된 분류 내에서 임의의 수준에 있는 항목에 대한 속명이다.
214,"임금근로자 중 개인, 가구, 사업체와 1개월 미만의 고용계약을 맺은 사람 또는 일일단위로 고용되어 근로 대가를 일급이나 일당제로 받고 있는 사람을 말한다."
215,정기적이지 않고 우발적으로 발생한 소득을 말한다.
216,건설수주란 발주자가 제시하는 건설공사물을 건설업체가 완공해주기로 한 것에 대한 쌍방간 계약으로 이루어지며 금액과 납기 등으로 표현된다.
217,일정한 물리적 장소에서 단일 또는 주된 경제활동을 독립적으로 수행하는 기업체나 기업체를 구성하는 부분을 말한다.
218,조사일 현재 경지로서의 형태를 갖추고 있으면서 작물재배가 가능함에도 그 해에 작물을 재배한 실적이 없는 경지를 말한다.
219,"생산자가 상품, 제품의 판매를 촉진하려고 소비자에게 광고하거나 선전하는 데 드는 비용을 말한다."
220,"
	지금 40세인 나는 앞으로 얼마나 더 살 수 있을까? 1980년에 20세이던 사람이 50세까지는 몇 사람이 살아남을 것인가? 1960년에 태어난 사람은 특정연령에 얼마나 생존할 것인가?
	
	이러한 질문에 대한 해답은 어디서 찾을 수 있을까? 바로 생명표에서 찾을 수 있다.
"
221,"레저, 사업, 기타 다른 목적으로 3년 미만의 기간을 일상에서 벗어나 다른 곳으로 여행하거나 다른 곳에서 머무는 활동을 말한다."
222,구입한 수산물 또는 포획 · 채취하거나 양식한 수산물을 원재료로 사용하여 가공 · 처리 한 후 판매하는 산업활동을 말한다.
223,정보를 얻고자 하는 대상이 되는 집단 전체를 말한다.
224,"수집한 한 종류 이상의 투입자료(1차 통계와 외부자료)를 분류, 집계, 편집, 추계 등의 방법으로 통계를 내는 것을 말한다."
225,"
	우리는 경기상황이 나쁠 때 뉴스에서 ‘공장의 기계 일부가 가동되지 않고 있다’는 소식을 종종 들을 수 있다.
	
	경제상황이 안 좋아 제품이 팔리지 않는다면 기업주로서는 당연히 생산량을 조정하고 불필요한 장비 가동을 줄여나갈 것이다.
	
	따라서 공장설비가 가동되는 현황은 경기의 단면을 잘 보여주는 좋은 지표가 될 수 있다.
"
226,해당 지역의 야간인구(상주인구)에 타 지역에서 유입된 통근 · 통학 인구(주간유입인구)를 더하고 타 지역으로 유출하는 통근 · 통학 인구(주간유출인구)를 뺀 것을 말한다.
227,"지방자치단체나 공공기관이 설치, 운영, 관리하는 체육시설을 말한다."
228,"특정 연도의 0세 출생자가 앞으로 생존할 것으로 기대되는 평균 생존연수, 즉 0세에서의 기대여명을 말한다."
229,"동일한 경영 하에 공장, 지사(점), 영업소 등을 1개 이상을 두고 사업 전반을 실질적으로 총괄하는 사업체를 말한다."
230,"한 가구가 살림을 할 수 있도록 지어진 집으로서 부엌과 한 개 이상의 방과 독립된 출구를 갖춘 영구건물이어야 하며, 관습상 소유 또는 매매의 한 단위를 이루어야 한다."
231,주민등록상 함께 등록된 단위를 말한다.
232,"상품의 판매 또는 서비스의 제공에 대한 수입금액으로서 반제품, 부산품, 작업폐물 등을 포함한 총매출액에서 매출환입액과 에누리액을 공제한 순매출액을 말한다."
233,"통계청은 매년 농업조사를 실시하여 농가, 농가인구, 농업경영규모, 영농형태 등의 변화추이를 파악하여 각종 정책수립 및 평가를 위한 기초 자료로 제공하고 있다."
234,만 15세 이상 인구 중 조사대상 기간에 상품이나 서비스를 생산하기 위하여 실제로 수입이 있는 일을 한 취업자와 일을 하지 않았으나 그 일을 즉시 하려고 구직활동을 하는 실업자를 합하여 경제활동인구라 한다.
235,호적이나 주민등록과는 관계없이 사실상의 만 나이가 65세 이상인 사람을 말한다.
236,"경상이전소득과 반대되는 개념으로, 정부, 다른 가구 또는 비영리단체에 대가 없이 지출한 현금과 재화, 서비스를 의미합니다."
237,보통 경기가 좋을 때는 공장이 쉼 없이 돌아가고 제품의 생산량은 증가하게 된다. 사람들의 소득이 늘면서 제품에 대한 수요가 증가하고 그에 따라 생산 활동이 활발해지기 때문이다.
238,"로렌츠(Lorenz)곡선과 완전균등선(대각선)이 이루는 면적을 불평등면적이라 하는데, 이 불평등면적을 완전균등선 이하의 면적(0.5)과 대비한 비율을 지니계수라 한다."
239,비혈연으로 구성된 6인 이상 가구와 집단시설가구를 말한다.
240,일정액의 현금 또는 기타 방법으로 전세금을 내고 계약기간 세 들어 사는 경우를 말한다.
241,사람이 살기 위하여 필요한 먹을거리를 생산할 수 있는 작물을 말한다.
242,다른 사람 소유의 건물 등을 사용하지만 임차료 등 대가를 지불하지 않는 경우를 말한다.
243,일정 기간 조사대상자 중에서 새 환자뿐만 아니라 계속해서 질환을 앓고 있는 사람을 포함해 아팠던 사람의 비율이다.
244,현재 직종에서 종사한 기간을 말한다.
245,조사 기준연도의 경상 수입과 지출의 차액을 말한다.
246,"경제활동인구 중 조사대상주간에 수입이 있는 일을 하지 않았고, 지난 4주간 일자리를 찾아 적극적으로 구직활동을 하였던 사람으로서 일자리가 주어지면 즉시 취업이 가능한 사람을 실업자라고 한다."
247,유용한 수산 생물을 인위적인 방법이나 도구를 이용하여 길러 내는 것을 말한다.
248,"국내 생산활동의 단기 추이를 파악하기 위하여 광업, 제조업, 전기 · 가스 · 증기 및 수도사업을 대상으로 매월 생산실적을 조사(통계청의 광업제조업동향조사)하여 작성하는 통계이다."
249,국내시장의 제1차 거래단계에서 기업 사이에 거래되는 상품과 서비스의 평균적인 가격변동을 측정하기 위하여 작성되는 물가지수를 말한다.
250,파견사업주에게 고용되어 있으나 사용사업주의 사업체에 파견되어 근로하는 사람을 말한다.
251,사업체에 고용되어 근로를 제공한 대가로 받은 모든 현금과 현물을 의미합니다. 여기에서 현물이란 가구소득 정의에서와 마찬가지로 재화와 서비스를 포함하는 개념입니다.
252,중앙행정기관이나 지방자치단체 또는 지정기관이 작성하는 통계 중 통계청장이 지정하여 고시하는 통계이다.
253,가구주와 그 직계 또는 방계의 친족 3세대가 함께 사는 가구를 말한다.
254,기업이 손익거래를 한 결과 나타난 잉여금 중 사외유출분을 제외하고 사내에 유보된 이익을 말한다.
255,조사기준일 현재 그 사업체나 점포가 판매를 목적으로 소유(또는 보유)하고 있는 모든 상품의 평가액을 말한다.
256,"근로자에게 교육훈련을 실시하기 위해 사용된 시설유지 비용, 교육훈련 실시 비용, 위탁훈련에 든 비용, 근로자 자기계발 지원 비용 등을 말한다."
257,만 15세 이상 인구 중 조사대상 주간에 취업도 실업도 아닌 상태에 있는 사람을 말한다.
258,"
	현실 경제에서는 경기의 좋고 나쁨에 따라 재고의 증가 또는 감소현상이 필연적으로 나타나게 마련이다.
	
	기업은 이에 효율적으로 대처하고자 재고를 비축하거나 처분하는 과정에서 생산을 조정하기 때문에 재고수준의 변동은 단기적인 경기순환을 나타내는 중요한 지표로 인식된다.
"
259,개별 가계나 사회 전체가 욕망을 충족하기 위해 재화와 서비스를 사용하는 것을 말한다.
260,"사업체나 상점의 자영업주 또는 고용주로 직접 사업을 경영하거나 지식 · 재능을 이용하여 얻은 총수입액에서 인건비, 재료비 등 모든 사업지출(총비용)을 뺀 금액을 말한다."
261,국가가 운영 주체인 연금을 말한다.
262,"직장이나 사업체가 있으나 조사대상 기간에 일시적인 병, 일기 불순, 휴가 또는 연가, 노동쟁의 등의 이유로 전혀 일하지 못한 경우를 말한다."
263,조사기준일 현재 사는 집을 점유하는 형태를 말한다.
264,"장기간 앓고 서서히 진행되고, 사람 간 전파되지 않는 비감염성 질환을 말한다."
265,사용자가 근로자를 얼마 동안 고용하기로 하고 체결한 계약기간을 말한다.
266,조출생률이 가장 단순한 출산력(현실적인 출산수준을 의미) 지표이다. 여기서 한걸음 더 나가 어느 연령 대에서 출산율이 더 높은 가를 알고 싶을 때에는 해당 연령대별 출산수준을 알려주는 지표가 필요하다.
267,총자본 중에서 자기자본이 차지하는 비율을 말한다.
268,회사법인으로서 단독사업체 또는 본사 · 본점 등일 경우에 한하여 조사기준일 현재 납입 완료한 자본(출자) 총액을 말한다.
269,경제활동인구(취업자+실업자)에서 실업자가 차지하는 비율을 말한다.
270,사업에 전반적인 책임을 지고 경영을 총괄하는 사람을 말한다.
271,서비스업 전체와 개별 업종의 생산활동을 종합적으로 파악하기 위해 개별 업종의 상대적 중요도인 부가가치 기준 가중치를 적용하여 지수화 한 것이다.
272,제품 생산에 직접 · 간접으로 종사하는 사람에게 지급하는 총급여액을 말한다.
273,중앙행정기관이나 지방자치단체 또는 지정기관이 작성하는 통계 중 지정통계로 지정받지 않은 통계를 말한다.
274,"혈연, 혼인, 입양 등으로 한 집안을 이룬 사람들(2인 이상)의 집단을 말한다."
275,"일반적으로 계절조정이란 시계열의 다양한 변동요인 중 경기적 요인에 의한 변동을 보고자 할 때 원계열에서 비경기적 요인인 계절변동요인을 제거하는 일련의 과정을 의미하며, 계절적 요인이 제거된 계열을 계절조정계열이라 한다."
276,민법 또는 특별법에 따라 설립된 회사법인이 아닌 법인을 말한다.
277,"
	자가점유비율은 일반가구 중 자신이 소유한 주택에서 자신이 살고 있는 주택의 비율을 의미한다.
	
	이는 자가보유율이나 주택보급률과는 다른 개념이다. 자가보유율이란 거주여부와 관계없이 주택을 소유한 가구의 비율을 말한다.
"
278,국민이 건강하고 문화적인 생활을 유지하기 위하여 필요한 최소한의 비용으로 보건복지부 장관이 공표하는 금액을 말한다.
279,"제품의 생산 또는 수리 · 가공을 위하여 지난 1년간 실제로 사용한 원재료, 부분품, 부속품, 용기 등과 화학약품, 포장재료와 같은 보조재료의 사용 금액을 말한다."
280,가구의 자산을 실질적으로 늘려주는 현금과 현물 수입을 말한다.
281,소비자 물가지수출처: YouTube
282,"종사상 지위분류의 임금근로자, 자영업자, 무급가족종사자로 분류되지 않는 사람을 말한다."
283,한 사람이 하루 평균 소비하는 양곡의 양을 말한다.
284,"특정 제도단위가 개별적 또는 집합적으로 소유권을 행사할 수 있고, 그 소유자가 이를 일정기간 보유하거나 사용함으로써 경제적 이득을 얻을 수 있는 실체를 말한다."
285,주로 1년 미만 사용되는 상품이 해당된다.
286,고정자산이 경제적으로 사용될 수 있는 연수를 말한다.
287,"조사표 기입을 누가 하느냐에 따라서 구분하는 조사방법의 유형으로서 자계식은 응답자가 스스로 기입하고, 타계식은 조사원이 기입한다."
288,통계표는 조사결과의 통계수치를 목적에 따라 다른 정보와 관련해서 조직적으로 결합하여 행과 열에 배치한 것이다.
289,소득이란 가구의 실질적인 자산의 증가를 가져온 일체의 현금 및 현물의 수입을 말하며 경상소득과 비경상소득으로 구성된다.
290,현재의 경기상황을 판단할 때 동행종합지수를 이용하나 현재의 경기국면과 전환점은 동행종합지수 보다는 동행지수 순환변동치를 이용한다.
291,"
	무역수지와 상품수지는 상품의 수출입 거래에서 생기는 국제수지로서 상품의 수출액과 수입액의 차액이다.
	
	서비스나 자본거래를 제외하고 상품에 국한해 수출액과 수입액의 차이를 따진다는 면에서 두 수지는 같다.
	
	하지만 발표되는 통계치를 보면 항상 다른데 그 이유는 집계 방식이 다르기 때문이다.
"
292,"
	매월 통계청 조사직원들이 표본으로 선정된 백화점, 대형마트, 전통시장 등 전국 약 26천여개 소매점을 직접 방문하거나 전화조사를 통해 가격자료를 수집하고 있습니다. 소비자물가조사는 “표본조사” 방식을 채택하고 있습니다.
	
	모든 소매점을 대상으로 대표품목의 가격을 조사하는 것은 많은 예산과 인력이 소요되기 때문에, 적절한 표본을 선정하여 소수의 가격조사만으로 전체 가격의 흐름을 살펴볼 수 있는 “표본조사” 방식을 채택하고 있습니다.
"
293,"재화를 만들거나 관리할 목적으로 기업이 보유하고 있는 무형의 자산으로, 식별이 가능하고 미래에 경제적 효과와 이익이 있는 것을 말한다."
294,"전국의 행정구역을 일정한 순서에 따라 부호화하여 각종 통계조사에 대한 지역자료를 분류, 집계하는 것으로, 지역 간 통계조사의 비교성을 제고하기 위한 분류이다."
295,"
설비투자란 생산과정에서 1년 이상 반복적 또는 지속적으로 사용되는 자산 중 기계류 및 운송장비 등을 구입하거나 취득하는 행위를 말한다.
	
	설비투자는 단기적으로 경제의 총수요 증가에 기여하고, 장기적으로 생산능력 확대를 통해 경제의 성장잠재력을 높임으로써 경제성장에 기여하는 중요한 역할을 한다.
"
296,기여율과 기여도는 국내총생산(GDP)과 같이 구성항목이 여러 개인 경우에 특정 항목이 전체의 변동에 어느 정도나 영향을 미쳤는지를 파악할 때 사용하는 개념이다.
297,"소득에서 조세, 연금, 사회보험료, 이자비용, 가구 간 이전 등의 비소비지출금액을 공제한, 실제로 가구에서 처분할 수 있는 소득을 말한다."
298,"유형자산(건물 신축, 기계설비 등)의 건설 또는 매입을 위하여 지출된 경비로서, 완성되거나 도착할 때까지 잠정적으로 처리하는 계정을 말한다."
299,상품을 만들고 서비스를 제공하여 수입 얻는 일을 하는 것을 말한다.
300,전기에서 이월된 재공품의 잔액을 말한다.
301,"
	한국의 경우 아이가 태어나면 『가족관계의 등록 등에 관한 법률』에 따라 읍 · 면 · 동사무소 등에 1개월 이내에 신고하여야 한다.
	
	동 법률에 따라 출생뿐만 아니라 혼인 · 사망 등의 가족관계의 발생 및 변동에 관한 사항 등도 의무적으로 신고하게 되어 있다.
"
302,"빈자리를 채우려 신입사원, 회원 등을 모집하는 모든 과정을 말한다."
303,1년 이내에 지급기한이 도래하는 부채를 말한다.
304,"사업체를 단독사업체, 본사, 본점 등, 공장, 지사(점), 영업소 등으로 구분한다."
305,현재의 연령별 사망수준이 그대로 유지된다는 가정 아래 특정한 출생 코호트가 연령이 많아짐에 따라 소멸되어 가는 과정을 정리한 표를 말한다.
306,교육부장관이 인정하는 정규교육 중 이수한 최고학력을 말한다.
307,"유형 · 무형 자산의 사용, 시간의 경과 등으로 소모된 경제적 가치를 평가하여 비용으로 차감하는 평가적 비용을 말한다."
308,1년 이상 사용이 가능하나 주로 저가인 상품을 말한다.
309,임의의 변수가 가지는 데이터 값들의 집합에서 최댓값과 최솟값의 차이를 말한다.
310,주된 영업활동 이외의 보조활동이나 부수활동에서 발생하는 금융 또는 투자수익을 말한다.
311,"토지에 정착한 구조물로 지붕, 기둥, 벽, 창, 바닥으로 일정한 형상을 갖추고, 주거나 업무, 영업 등에 쓸 수 있도록 만든 것을 말한다."
312,"신제품, 신기술 등의 개발과 관련하여 발생한 비용으로서 개별적으로 식별할 수 있고 미래의 경제적 효익을 확실하게 기대할 수 있게 하는 비용을 말한다."
313,노동자 1인이 일정 기간 산출하는 생산량이나 부가가치를 말한다.
314,일반적 상거래에서 발생한 외상매출금과 받을 어음을 말한다.
315,해당 사업체의 본점 또는 지점이 아닌 다른 생산업자에게서 직접 매입한 상품 매입액이 총 상품매입액에서 차지하는 구성비를 말한다.
316,"목차소비자물가지수는 이렇게 만들어집니다
소비자물가지수 개념
대표품목
가격수집
자수계산방법
지수개편
"
317,"근로자가 노동의 대가로 사용자에게서 받는 보수로 정액급여, 초과급여, 특별급여로 구성된다."
318,수익을 목적으로 부부가 모두 직업을 가지고 일을 하는 가구를 말한다.
319,"
	연령별 혼인율은 어떤 특정 연령층에서 발생한 혼인건수를 그 해당 연령층의 남자 또는 여자인구로 나눈 수치를 1,000분비로 나타낸 것이다.
	
	혼인 연령은 남자와 여자가 서로 다르므로 연령별 혼인율을 작성하기 위해서는 남자인구 또는 여자인구를 기준으로 계산한다.
"
320,소득의 증감에 영향을 주는 요인은 크게 가구원의 특성에 따른 요인과 가구 외적인 요인으로 구분할 수 있습니다.
321,사업체가 영업활동을 하기 위하여 실제로 사용하고 있는 면적을 말한다.
322,"현금 및 예금, 유가증권과 대부채권 등의 청구권 형태로 보유하는 자산을 말한다."
323,경영을 총괄하는 본사 등이 있고 그 본사 등으로부터 업무 전반에 관하여 지시를 받는 사업체이다.
324,생산능력 대비 실제 생산량의 비율을 말한다.
325,제조업 부문에서 제품을 얼마나 생산할 수 있는지를 나타내는 지표이다.
326,고용통계는 한 나라의 노동력 규모와 취업자 및 실업자 실태를 파악하는 국가통계 중의 하나이다.
327,임금근로자가 근로의 대가로 받은 모든 현금과 현물보수를 말한다.
328,"한 건물 내에 여러 가구가 거주할 수 있도록 지은 5층 이상의 영구건물로서, 구조적으로 한 가구씩 독립하여 살 수 있도록 건축된 주택을 말한다."
329,"법령에 따른 개인이나 단체의 신고, 보고, 신청, 인허가 등과 같이 다른 행정업무에 수반하여 수집된 자료를 이용하여 작성한 통계를 말한다."
330,"어가란 지난 1년 간 판매를 목적으로 1개월 이상 어선어업, 마을어업(맨손, 나잠, 기타어업), 양식어업을 직접 경영하였거나, 지난 1년간 직접 어획하거나 양식한 수산물의 판매금액이 120만원 이상인 가구를 말한다."
331,법률상 소유 여하를 불문하고 실제 거주자 소유로 되어 있는 집을 말한다.
332,급여 이외에 종업원의 복지와 후생을 위하여 지출한 제 비용을 말한다.
333,성질이 유사한 산업활동에 참여하는 생산단위의 집합을 말한다.
334,"
	향후 경기가 좋아진다면 늘어날 수요에 미리 대비하기 위해 제품을 대량 생산해야 하므로 제품을 만드는 기계가 먼저 필요할 것이다.
	
	반대로 경기가 하락할 것으로 예상된다면 물건을 많이 만들어놓을 필요가 없으므로 기계 주문은 줄어들 것이다.
	
	이렇듯 기계수주액은 경기에 앞서서 변동이 이루어지므로 앞으로의 경기를 예측하는 유용한 지표로 활용될 수 있다.
"
335,"경제활동 과정에서 생산될 수 있는 모든 산출물(이동재, 비이동재, 서비스)를 분류한 것을 말한다."
336,"자기 회사에서 직접 제조한 중간제품과 부분품으로, 그 자체로 판매, 저장이 가능한 것을 말한다."
337,"조사기준월 마지막 영업일 현재 비어 있거나 비어 있지 않더라도 구인활동을 하고 있으며, 한 달 이내에 일이 시작될 수 있는 빈 일자리 수를 말한다."
338,일정 기간 일정한 지역 내에서 새로이 생산된 상품과 서비스의 가치를 시장가격으로 평가한 것이다.
339,"구입한 신품이나 중고품을 변형하지 않고 도매업자, 소매업자, 산업단체, 기관 등에 재판매하는 산업활동을 말한다."
340,공간정보를 생산 · 관리 · 가공 · 유통하거나 다른 산업과 융 · 복합하여 시스템을 구축하거나 서비스 등을 제공하는 산업을 말한다.
341,"이러닝 콘텐츠와 이러닝 콘텐츠 운용소프트웨어를 연구 · 개발, 제작 · 수정, 보관 · 전시 또는 유통하는 산업, 이러닝의 수행 · 평가와 관련된 서비스업, 이러닝에 필요한 하드웨어, 기기 등을 연구 · 제작하는 산업, 이러닝 관련 정보를 분석 · 평가하는 산업을 말한다."
342,남편(부)과 아내(처)로 구성된 법적관계를 말한다.
343,"생산단위의 활동(생산, 재무활동 등)에 관한 통계를 작성하기 위하여 필요한 정보를 수집 · 분석할 대상이 되는 관찰 또는 분석단위를 말한다."
344,"지난 1년간 영업활동과 관련하여 자체 쇼핑몰을 운영하거나 각종 쇼핑몰에 참여하여 인터넷을 통한 주문, 접수 · 판매 또는 구매 등의 활동을 수행한 경우를 말한다."
345,"지난 1년간 유급임원, 상용, 임시 및 일용근로자에게 지급한 총 금액을 말한다."
346,통계조사에서 조사대상이 되는 개체를 조사단위라고 한다. 대표적인 조사 단위로는 경제통계부문의 ‘사업체’와 사회통계부문의 ‘가구’가 있다.
347,총 매출액 중 수출 비중이 50% 미만인 기업을 말한다.
348,"6개월 동안 지속되었거나 지속될 것으로 예상되는 육체적, 정신적 제약과 일상생활 제약이 있는 경우를 의미한다."
349,"활어, 선어, 냉동 등으로 보관하며 양식용 사료로 사용하는 수산동식물을 말한다."
350,대상 인구 중 가구주가 되는 비율을 말한다.
351,여행 목적으로 지출한 1인당 평균비용을 말한다.
352,사업체의 정상적인 영업일을 기준으로 개점시간에서 폐점시간까지의 영업시간을 말한다.
353,"
	통계청은 매월 경제활동인구조사를 통하여 고용통계를 생산하고 있다.
	
	경제활동인구조사는 국민의 경제활동 즉, 국민의 취업, 실업 등과 같은 특성을 조사하여 거시경제 분석과 인력자원의 개발 정책 수립에 필요한 기초 자료를 제공해 준다.
"
354,"고용보조지표란 노동공급과 수요가 일치하지 않아서 일하고 싶은 욕구가 있음에도 불구하고 일을 하고 있지 못하는 노동력을 나타내는 지표로서 고용률, 실업률과 함께 고용시장 상황을 다각적으로 알려주는 지표이다."
355,현대의 정보화사회에서 우리는 매일 다양한 매체를 통해 경제 · 사회 현상 등에 관한 많은 통계를 접하면서 살고 있다.
356,같은 조사대상(표본)으로부터 자료를 반복적으로 수집하는 조사를 말한다.
357,초 · 중 · 고 학생들이 학교의 정규 교육과정 이외에 보충교육을 위해 개인이 부담하는 비용을 말한다.
358,두 숫자의 상대적 크기를 비교한 것으로 분모와 분자가 독립적인 관계로 서로 다른 범주일 때 사용된다.
359,한 여성이 지금까지 낳은 자녀의 총 수를 말한다.
360,자기 소유의 원재료를 타 사업체에 공급하여 위탁생산을 한 경우에 수탁사업체의 조사기준연도의 생산분에 대하여 지출하여야 할 가공비를 말한다.
361,일정 시점에서 기업의 재무상태를 나타내는 재무보고서를 말한다.
362,조사기준일 현재 만 15세 이상인 사람을 말한다.
363,타인 자본과 자기 자본의 관계를 나타내는 비율을 말한다.
364,비의 특수한 형태로 전체 집단에서 대상이 차지하는 분포를 말한다.
365,생산에 직결되는 현장 작업에 종사하는 자 또는 이와 같은 생산의 보조 작업에 종사하는 자를 말한다.
366,농가 또는 어가가 사업 외의 활동에서 얻는 소득을 말한다.
367,생산주체가 고정자산을 취득하는 것을 말한다.
368,"
	현재 경기가 좋다고 판단하여 제품을 많이 생산했는데, 실제로는 제품이 팔리지 않고 창고에 재고만 쌓여간다면 어떻게 될까?
	
	일부 공장만 그런 게 아니라 대부분의 공장에서 이러한 현상이 보인다면 지금의 경기상황이 좋다고 말할 수는 없을 것이다.
	
	생산된 제품은 출고되어 외부로 나가야 소비로 이어지는 등 그 경제적 효용을 다할 수 있기 때문이다.
"
369,전체 집단에서 개별 구성요소가 차지하는 비중이나 중요도를 수치로 나타낸 값을 말한다.
370,재산소득이나 손해보험과 달리 반대급부 없이 일어나는 소득의 이전거래로서 강제적 이전과 자발적 이전이 있다.
371,돈을 벌기 위해 개인이 하는 일을 말한다.
372,어떤 현상에 대한 수준의 추이를 살피거나 몇 개의 현상에 대한 추이를 서로 대비하기 위해 직접 측정할 수 없는 수량의 변동을 기준시점의 값에 대한 상대값으로 나타낸 값을 말한다.
373,"국민소득통계는 한 나라의 경제활동상태를 나타내 주고 그 나라의 소득수준을 보여주는 반면, 가구소득통계는 개별가구들의 소득수준을 나타내주는 통계로 개별 국민들의 생활을 보다 직접적으로 보여준다."
374,농업경영자 이외의 채권자가 농가에 대하여 지니고 있는 청구권을 말한다.
375,제품을 제조하려고 투입한 원가요소 중 재료비와 노무비를 제외하고 당기 제품제조에 투입한 모든 비용을 말한다.
376,정규학교에서 받는 교육 서비스에 대한 지출로서 학교에 내는 여러 경비를 말한다.
377,"수술 · 입원비, 외래진료비, 약값, 보건의료용품(기구) 구입비 등을 말한다."
378,"자본에 가산하거나 차감하는 항목으로서 주식할인발행차금, 배당건설이자, 자기주식, 매도가능증권평가이익(손실), 해외사업환산대(차) 등을 말한다."
379,한국에서 산업화가 본격적으로 시작된 1970년만 해도 한국 전체 가구 중 44.5%는 농사를 짓는 가구였다. 그러나 이후 산업화와 도시화가 진행되면서 농촌사회에는 많은 변화가 이루어져 왔다.
380,화석연료와 원자력을 대체할 수 있는 무공해에너지를 말한다.
381,광공업 및 서비스업 생산확산지수는 광공업생산지수나 서비스업 생산지수 등 총량지표로는 파악하기 어려운 전반적인 생산 확산의 정도 등을 측정하는 경제지표이다.
382,사업할 목적으로 사업체에서 보유하고 있는 접객시설의 수를 말한다.
383,"농가의 주된 농업형태로, 지난 1년간 가장 많이 팔았던 농산물을 기준으로 한다."
384,근로제공 방법이나 근로시간 등을 전적으로 본인이 결정하는 근로자를 말한다.
385,"주식의 발행, 증자, 감자 등과 같이 회사 내에 투하된 자본거래에서 발생한 잉여금을 말한다."
386,영리를 목적으로 연간 30일 이상 농사 이외의 일에 종사하는 가구원이 있는 농가를 말한다.
387,한 집안의 살림을 위해 하여야 하는 여러 가지 일을 말한다.
388,농업용 토지의 총면적 중 재배불능 면적을 제외한 면적을 말한다.
389,조사기준연도 12월 31일 현재 장부가격에 따른 잔액을 말한다.
390,마지막으로 이 장에서는 다른 부문에서 포함되지 않았지만 중요한 의미를 갖는 몇 가지 통계지표를 제시한다.
391,가구에서 가구원의 생활에 필요한 재화나 용역을 구입한 대가로 지출하는 모든 비용을 말한다.
392,물가상승 효과를 제거한 실질적인 임금을 말한다.
393,"대기오염, 폐수, 폐기물, 소음 · 진동, 토양악화 등과 같은 환경적 유해요인을 측정, 예방, 제어하거나 환경피해를 최소화하고 복원하기 위하여 제품을 생산하거나 서비스를 제공하는 산업활동을 말한다."
394,"주거에 드는 비용으로, 거주하는 곳의 임차료와 주거관리비를 포함한 금액을 말한다."
395,대표품목이란 소비자물가조사에 포함되는 구체적 상품과 서비스 품목을 말합니다.
396,사업체가 조사대상 기간 중 사업을 운영하면서 정기적으로 쉰 날을 말한다.
397,인구란 특정한 시점에서 일정 지역에 살고 있는 사람들의 수를 말한다. 고대로부터 인구의 규모는 영토와 함께 한 나라의 국력을 의미해 왔다.
398,"
	경상수지란 외국과 물건(재화)이나 서비스(용역) 등을 팔고 산 결과를 종합한 것으로 외국과 실행한 거래결과 벌어들인 수입에서 지출을 차감한 금액을 말한다.
	
	이는 국가 간 상품 및 서비스의 수출입, 자본 · 노동 등 생산요소의 이동에 따른 대가의 수입과 지급을 종합적으로 나타낸 것으로, 국제수지1)를 이루는 중요한 요소이다.
"
399,"금융업, 보험 및 연금업, 금융 및 보험 관련 서비스업이 포함된다."
400,어선어업의 출어경비나 양식어업의 운영경비 등 단기 운전성 생산자금을 말한다.
401,작물 또는 식물을 재배한 땅의 면적을 말한다.
402,"1년 이상 사용할 수 있는 것으로, 주로 고가 상품이 해당된다."
403,수출 · 수입 상품의 가격변동을 측정하는 지표로서 그 가격변동이 국내물가에 미치는 영향을 사전에 측정하기 위하여 작성한다.
404,"국가 및 지방 행정기관이 일반 대중에게 제공하는 공공행정, 국방, 산업 및 사회보장 행정 업무가 포함된다."
405,취학적령 인구(추계연앙인구) 대비 실제 취학자의 비율로 국민교육수준을 측정하는 데 가장 널리 이용되는 지표이다.
406,"통계 생산에 투입된 비용을 말하며 사업비(인건비, 운영비)와 기타경비로 구분한다."
407,이 장에서는 통계청에서 매월 작성하여 공표하고 있는 산업동향 통계를 중심으로 산업활동 전반에 관한 용어 및 지표를 접할 수 있다.
408,표본추출틀로부터 추출된 추출단위들의 집합으로서 모집단의 일부분을 말한다.
409,유동부채에 대한 유동자산의 비율을 말한다.
410,대중교통수단과 대중교통시설로 이루어지는 교통체계를 말한다.
411,총체적 경제활동이 경제의 장기 성장추세를 중심으로 상승과 하강을 반복하며 성장하는 현상을 의미한다.
412,"특정 1년간 신고된 총 이혼건수를 해당연도의 15세 이상의 연앙인구로 나누어 1,000분율로 나타낸 것을 말한다."
413,가구소득출처: 가구소득
414,조사대상 기간 중 선박을 포함하여 기계류 관련 지정 조사품목의 생산을 주문 받은 금액을 말한다.
415,월(분기) 단위로 작성되는 통계(원계열)에서 사계절이나 명절 · 조업 등과 같은 계절적 효과를 제거하는 절차를 의미한다.
416,조사대상 기간 중 정상적으로 영업한 개월 수를 말한다.
417,제품 또는 반제품의 제조를 위하여 공정 중인 것을 말한다.
418,"지난 1년간 판매할 목적으로 1개월 이상 어선어업, 마을어업(맨손, 나잠, 기타어업), 양식어업을 직접 경영한 가구이거나, 지난 1년간 직접 잡거나 양식한 수산물을 판 금액이 120만 원 이상인 가구를 말한다."
419,"다른 장소에 본사, 본점 또는 공장, 지사(점), 영업소 등이 없는 1기업 1사업체를 말한다."
420,"
	물가란 국민들이 생활해 나가는 데 필요한 모든 소비재 및 생산재에 대한 전반적인 가격수준을 말한다.
	
	물가지수는 이러한 물가의 움직임을 쉽게 알아볼 수 있도록 기준시점을 100으로 놓고 비교시점의 물가수준을 상대적으로 나타낸 것이다.
"
421,제조업 생산설비의 가동상태 추이를 나타내는 지수이다.
422,"쓰레기, 연소재, 더러운 흙(오니), 폐유, 폐산, 폐알칼리, 동물의 사체 등으로서 사람의 생활이나 사업활동에 필요하지 않게 된 물질을 말한다."
423,선박과 자동차 및 기타 육상 운반구와 항공기 등 해상 · 항공 운송수단을 말한다.
424,"농가 또는 어가 등에서 주된 업종 이외의 사업을 경영하여 얻은 소득으로서 농업, 어업, 임업, 제조업, 건설업 등 겸업수입에서 제비용을 뺀 금액을 말한다."
425,가구주와 그 직계 또는 방계의 친족 4세대 이상이 함께 사는 가구를 말한다.
426,"단일 경영주체가 일정 규모의 시설(165m2~3,000m2 미만)을 갖추고 음식료품을 위주로 각종 생활 잡화 등을 함께 판매하는 소매점을 말한다."
427,기업의 정상적인 영업활동과 관계없이 비경상적 · 비반복적으로 발생하는 손실을 말한다.
428,1년 이후에 지급기한이 도래하는 부채를 말한다.
429,"사망을 유발했거나 사망에 영향을 미친 모든 질병, 병태, 손상과 이러한 손상을 일으킨 모든 사고나 폭력을 말한다."
430,일반가구 수에 대한 주택 수의 비율을 말한다.
431,영리를 목적으로 연간 30일 이상 농사 이외의 일에 종사한 가구원이 없는 농가를 말한다.
432,처분가능소득에서 소비와 지출을 하고 남은 부분의 비율을 말한다.
433,지난 1년간 생산을 위하여 사용된 용수의 구입 요금을 말한다.
434,최종소비자에게 판매한 금액이 연간매출액에서 차지하는 비율을 말한다.
435,기업의 경영성과를 명확히 보고하기 위하여 일정 기간 발생한 모든 수익과 이에 대응되는 비용을 나타내는 동태적 재무보고서를 말한다.
436,조사대상 전체가 아니라 일부에 대하여 조사함으로써 전체에 대한 정보를 추측할 수 있도록 계획된 조사이다.
437,해당 사업체의 본점 또는 그 본점과 타 지점 간 상호 상품의 이동액이 총 상품 이동액에서 차지하는 구성비를 말한다.
438,여러 세대가 생활할 수 있는 주택을 말한다.
439,자산의 가치가 매 회계기간 일정 비율로 하락한다고 가정한 감가상각 방법이다.
440,토지대장상의 지목에 관계없이 관개설비를 갖추고 물을 대어 작물을 재배할 수 있는 경지를 말한다.
441,국내에서 판매한 제품의 총액을 말한다.
442,경기 변동의 국면 · 전환점과 속도 · 진폭을 측정할 수 있도록 고안된 경기지표의 일종이다.
443,조사대상기간에 조사대상자의 주된 활동상태가 혼자 집이나 도서실 등에서 상급학교 진학을 위해 공부하는 경우를 말한다.
444,판매과정을 거치지 않고 바로 현금화할 수 있는 자산을 말한다.
445,토지의 주된 용도에 따라 토지를 28가지로 구분한 것을 말한다.
446,조사기준일 당시 학위 취득을 목적으로 국내/국외 교육기관으로 진학한 자를 말한다.
447,본인을 포함하여 함께 여행하는 모든 사람의 수를 말한다.
448,나이가 만 5세 이상인 사람이 5년 전에 거주하였던 곳을 말한다.
449,법인세 비용차감 전 순손익에서 법인세 비용을 차감한 잔액으로 해당 회계연도의 최종적인 경영성과를 나타낸다.
450,"단일 경영체제하에 매장면적이 3,000m2 이상이고, 주된 취급품목 없이 다수의 매장으로 구획된 판매시설을 갖추고 의류, 가구, 귀금속, 식료품 등 각종 상품을 종합적으로 소매하는 점포를 말한다. 매장별로 배치된 전용판매원이 판매와 계산을 담당한다."
451,"인체질환의 예방과 치료를 위하여 입원시설을 갖추고, 의사가 입원환자를 위주로 진료행위를 하는 의료기관을 말한다."
452,과수를 노지에 100m2(30평) 이상 집단 재배한 경우에만 해당한다.
453,"농가란 생계, 영리, 연구를 목적으로 농업을 경영하거나 농업에 종사하는 가구를 말한다."
454,산업사용자에게 판매한 상품판매액이 총 상품판매액에서 차지하는 구성비를 말한다.
455,"법적 지목에 관계없이 물을 대지 않고 일반 밭작물과 과수, 나무 등을 재배하는 경지를 말한다."
456,기업의 정상적인 영업활동과 관계없이 비경상적 · 비반복적으로 발생하는 이익을 말한다.
457,가구주가 정부나 기업(준법인기업 포함)에 고용되어 정신적 또는 육체적 노동을 제공하고 그 대가로 급여를 받는 가구를 말한다.
458,"법적 지목에 관계없이 작물을 재배하는 논, 밭을 말하며 하천부지, 개간지, 간척지 등을 포함한다."
459,사람이 살지 않는 주택을 말하며 새로 지어 아직 입주하지 않은 주택도 포함한다.
460,"농업을 경영하는 데 용역 편익을 제공하는 일체의 경제적 자원을 말하며, 크게 고정자산과 유동자산으로 구분한다."
461,만 3세 이상 인구 중 최근 1개월 이내에 1회 이상 인터넷을 이용한 사람을 말한다.
462,조사기준일 현재 인사발령에 관계없이 작성기관의 통계 부서에서 실질적으로 통계 업무를 수행하고 있는 인력을 말한다.
463,자산의 가치가 매 회계기간 일정액씩 하락한다고 가정한 감가상각 방법이다.
464,결혼하여 배우자가 있는 사람을 말한다.
465,"지난 1년간 생산을 위하여 사용(소비)된 제 비용인 원재료비, 연료비, 전력비, 용수비, 외주가공비, 수선비를 말한다."
466,"어업활동에 필요한 출어경비, 임금, 기타 관리비, 감가상각비 등을 말한다."
467,"지수를 작성할 때 기준이 되는 시기를 말하며, 보통 특정 연도로 표시된다."
468,조사기준연도 1월 1일 현재 장부가격에 따른 잔액을 말한다.
469,"특정 상품을 생산하기 위하여 어떤 상품이 얼마나 투입되었는지, 특정 상품이 어떤 상품의 생산에 얼마나 투입되었는지를 보여주는 통계로서 국민경제의 제조원가명세서라고 할 수 있다."
470,광업 및 제조업체가 보유하고 있는 제품 재고의 변동을 파악하는 지수이다.
471,기업 등이 현행 산업활동을 실질적으로 처음 시작한 연월을 말한다.
472,"하천, 댐, 호수, 저수지, 기타 인공으로 조성한 담수 등에서 수산동식물을 양식, 채포, 채취하는 어업을 말한다."
473,"제품의 생산 과정에서 나온 폐품, 불합격품(불량품)을 판매해 얻은 금액을 말한다."
474,농가처분가능소득에서 가계지출 중 소비지출을 뺀 금액을 말한다.
